{"cameraMode":{"drawMode":0,"name":"Shaded","section":"Shading Mode"},"sceneLighting":false,"audioPlay":false,"sceneViewState":{"m_AlwaysRefresh":false,"showFog":true,"showSkybox":false,"showFlares":true,"showImageEffects":true,"showParticleSystems":true,"showVisualEffectGraphs":true,"m_FxEnabled":true},"in2DMode":false,"pivot":{"x":0.00003719329833984375,"y":-0.014353930950164795,"z":0.04879629611968994},"rotation":{"x":0.034490007907152179,"y":-0.013491548597812653,"z":0.0004656988603528589,"w":0.9993160367012024},"size":2.9354615211486818,"orthographic":false}