{"cameraMode":{"drawMode":0,"name":"Shaded","section":"Shading Mode"},"sceneLighting":true,"audioPlay":false,"sceneViewState":{"m_AlwaysRefresh":false,"showFog":true,"showSkybox":true,"showFlares":true,"showImageEffects":true,"showParticleSystems":true,"showVisualEffectGraphs":true,"m_FxEnabled":true},"in2DMode":false,"pivot":{"x":28.91923713684082,"y":28.56617546081543,"z":3.5065665245056154},"rotation":{"x":0.04942585155367851,"y":0.046426936984062198,"z":-0.0023132662754505874,"w":0.9977038502693176},"size":97.681884765625,"orthographic":false}